ID,OrderID,Title,Substring,ClientName,ClientPrefix,UnitType,TotalQuantity,Language,DeliveryDate,Timezone,ButtonLayout,FacePlateNotes,DecalType,Install freqeunecy
24,UCH-2026-96d151d2-5ea9-454d-969c-a709752d492a,UCH-2026-96d151d2-5ea9-454d-969c-a709752d492a,UCH,Uchicago,UCH,Flex,8,English,2026-10-30,Central Time (CT),GYRRRR - 4 reds (unit 10),Face plates shipped from Luphi,Guest Experience,US
25,JFK-2026-799cd0c9-3319-4a5a-a644-38714d4ed207,JFK-2026-799cd0c9-3319-4a5a-a644-38714d4ed207,JFK,JFK T6,JFK,Flex+,4,English,2026-10-30,Eastern Time (ET),GGYRRR - 2 Green 1 yellow 3 red (unit 9),Shipped from Luphi,Restroom,US
26,ARK-2026-7fa738db-1533-4b97-9cb2-01638f45189c,ARK-2026-7fa738db-1533-4b97-9cb2-01638f45189c,ARK,Arkansas,ARK,Flex,3,English,2026-09-03,Central Time (CT),GYRRRR - 4 reds (unit 10),Already done,Guest Experience,US
27,KAI-2026-b6c4d065-1057-42a2-9a79-05e10c3453a0,KAI-2026-b6c4d065-1057-42a2-9a79-05e10c3453a0,KAI,Kaiser Permante,KAI,Flex+,8,English,2026-09-03,Pacific Time (PT),123456 - numbered option (12),Already done,Custom / Add your own,US
28,OBB-2026-d1705188-5070-4853-8bf8-613887920cef,OBB-2026-d1705188-5070-4853-8bf8-613887920cef,OBB,OBB,OBB,Flex+,2,German,2026-09-11,Central European Time (CET),GYRRRR - 4 reds (unit 10),"Hey Nishant, Sam said you should have some spare OBB designs",Restroom,EU
29,STU-2026-6012daae-e7f0-4408-8534-259d57a5bf5b,STU-2026-6012daae-e7f0-4408-8534-259d57a5bf5b,STU,Stuttgart Airport,STU,Flex,16,German,2026-09-18,Central European Time (CET),GYRRRR - 4 reds (unit 10),,Restroom,EU
30,STU-2026-bea08ed7-869f-4ca3-8c53-98aa8b08c2c4,STU-2026-bea08ed7-869f-4ca3-8c53-98aa8b08c2c4,STU,Stuttgart Airport,STU,Flex+,16,German,2026-09-18,Central European Time (CET),GYRRRR - 4 reds (unit 10),,Restroom,EU
31,EWR-2026-623d8b47-a17d-4bd0-ab4d-8994fe24317d,EWR-2026-623d8b47-a17d-4bd0-ab4d-8994fe24317d,EWR,EWR Terminal A - Munich,EWR,Flex+,53,English,2026-09-18,Eastern Time (ET),"GYRRRR - Cleaning, Product, Maintenance, Crowding (5)",EWR Terminal A,Restroom,US
32,OMA-2026-bb518b10-871b-48a6-b6f9-a696265222df,OMA-2026-bb518b10-871b-48a6-b6f9-a696265222df,OMA,OMA - stands,OMA,Flex,9,Spanish,2026-09-16,Central Time (CT),GYRRRR - 4 reds (unit 10),,Security_Stand,US
33,SFO-2026-45eb5fc7-5ea4-4dbe-8cdc-49907ebd7126,SFO-2026-45eb5fc7-5ea4-4dbe-8cdc-49907ebd7126,SFO,SFO,SFO,Flex+,25,English,2026-10-01,Pacific Time (PT),"GYRRRR - Cleaning, Product Refill, Maintenance, Smell",These are extra flex boxes for the maintenance team at SFO if any more devices break. These need to be loaded into the old AWS account so I can do that as a manual load,Restroom,US
34,MAR-2026-feb564d3-d655-4177-b2fe-26902d1d91b5,MAR-2026-feb564d3-d655-4177-b2fe-26902d1d91b5,MAR,Marks and Spencers,MAR,Flex+,12,English,2026-10-09,London,GYRRRR - 4 reds (unit 10),Face plate is being ordered from Hackensack,Restroom,EU
35,BUD-2026-d6439633-2aee-40e7-bbac-aa627db5ad87,BUD-2026-d6439633-2aee-40e7-bbac-aa627db5ad87,BUD,BUD,BUD,Flex+,63,English,2026-11-15,Central European Time (CET),GYRRRR - 4 reds (unit 10),,Restroom,EU
36,AÉR-2026-4b9dfecf-6899-47a3-aab5-5a4159c26f5e,AÉR-2026-4b9dfecf-6899-47a3-aab5-5a4159c26f5e,AÉR,Aéroport Guadeloupe,AÉR,Flex+,43,French,2026-11-16,UTC-4,GYRRRR - 4 reds (unit 10),nothing,Restroom,EU
38,SDQ-2026-31ba9261-0fcd-4cd8-8e1a-110f5b33c11b,SDQ-2026-31ba9261-0fcd-4cd8-8e1a-110f5b33c11b,SDQ,SDQ,SDQ,Flex+,22,Spanish,2026-10-09,UTC-4,GYRRRR - 4 reds (unit 10),Wall mounted please include the double sided tape,Restroom,US
