asset_id,dev_eui,join_eui,app_key
UNIT-0001,464C58FBE3BD14C6,0AD4489AAD2A7E41,49E63DD6B16BF21554D259FB6C689A90
UNIT-0002,464C5860E29B67E5,4AA0AEB06AA69E75,8B930905514C1641F1E8E8503FA78E88
UNIT-0003,464C58AF098A4488,F66BA61417F3E7F0,B975730ED2E12ACF2357AEE3F7EB9C78
UNIT-0004,464C5884D5A749A1,5E44CE6B179CB4F2,2DC129F1E637E43FB95B587FE145711D
UNIT-0005,464C5890D37F8B8B,BE96DC431014352C,FFE7BB78965FE1EC45DA0688725B7B7E
UNIT-0006,464C58A1A357D929,C69206A8CFBE3218,8B2C0B337D94899FDCE30600C2FF0A6D
UNIT-0007,464C582C7B3EBEEB,66C28833777DBE0E,3DE54F88B18A70E5902AC228581DAC47
UNIT-0008,464C58BDD9B524CE,56F8EE554759097C,B4D359A4E17E0F8635653B60A6870CA1
UNIT-0009,464C58478BC3756B,52889746D9675698,B297454A3C43ACC93BDEA812212AD354
