"'""asset_id""",dev_eui,join_eui,app_key,provision_utc,fw_version,hw_version,hw_profile,name_prefix,tag_client,"""decal_type""'",expected_heartbeat_utc,wirelessDeviceId,dl_send_at_utc,dl_queued_at,dl_count,last_error
UNIT-0042,464C5813C7D56366,9667115DEC1C42F0,EFD7A0B5454B9548CF20FEDE967A32C4,2026-05-20T16:56:57Z,1.4.0,1.4.1,FLEXBOX_PLUS,MRS,Marseille Provence Airport,,04:51:00 AM,cf7801fb-b1be-4a14-9681-d509514a2b25,2026-06-15T05:51:00Z,2026-06-14T17:20:16Z,0,aws: [ERROR]: An error occurred (ResourceNotFoundException) when calling the SendDataToWirelessDevice operation: Resource not found.
UNIT-0043,464C580100DDE9AA,0A8CF90660270974,9219F66B06F6DD06A961286667DA711D,2026-05-20T17:04:36Z,1.4.0,1.4.1,FLEXBOX_PLUS,MRS,Marseille Provence Airport,,09:13:00 AM,1918bb73-f9d7-407a-8b7d-a16b678aa53c,2026-06-15T10:13:00Z,2026-06-14T17:20:16Z,0,aws: [ERROR]: An error occurred (ResourceNotFoundException) when calling the SendDataToWirelessDevice operation: Resource not found.
UNIT-0044,464C5816C834C7A9,9A8A06E1B34E93EE,9D4C4640D1991B9070153826FE9E4384,2026-05-20T17:05:33Z,1.4.0,1.4.1,FLEXBOX_PLUS,MRS,Marseille Provence Airport,,04:23:00 AM,089a46fd-1e78-430a-9f89-aee8f6bcf457,2026-06-15T05:23:00Z,2026-06-14T17:20:16Z,0,aws: [ERROR]: An error occurred (ResourceNotFoundException) when calling the SendDataToWirelessDevice operation: Resource not found.
UNIT-0045,464C58F9A2D9C263,DEB46AC4764B01E9,B3137F04FD09AEF37CB4D5D21A2875EC,2026-05-20T17:06:41Z,1.4.0,1.4.1,FLEXBOX_PLUS,MRS,Marseille Provence Airport,,05:38:00 PM,ff360b2a-0686-4c1a-9ef7-9acfa93fc502,2026-06-15T18:38:00Z,2026-06-13T20:20:05Z,0,aws: [ERROR]: An error occurred (ResourceNotFoundException) when calling the SendDataToWirelessDevice operation: Resource not found.
UNIT-0046,464C5819D127E9EB,16B610B512EC53AE,7636FBA760CA9BF3EB6228FFF4334F09,2026-05-20T17:07:42Z,1.4.0,1.4.1,FLEXBOX_PLUS,MRS,Marseille Provence Airport,,10:33:00 PM,3143b8de-40f0-45ce-afed-c86a8cae0ba2,2026-06-15T23:33:00Z,2026-06-12T23:53:09Z,8,
UNIT-0047,464C5841D8D7F5E5,BE59A67C3D698D49,09E85046C94905C5324A67C9AAEBD6D7,2026-05-20T17:08:38Z,1.4.0,1.4.1,FLEXBOX_PLUS,MRS,Marseille Provence Airport,,09:09:00 PM,65f9655f-07e7-4f7e-a6ef-5ee5f154fd90,2026-06-15T22:09:00Z,2026-06-12T22:22:20Z,0,aws: [ERROR]: An error occurred (ResourceNotFoundException) when calling the SendDataToWirelessDevice operation: Resource not found.
UNIT-0048,464C58E43733177C,1E10F23BF555B41F,2C93DFD2F765D2722CABD0458A5198D3,2026-05-20T17:09:32Z,1.4.0,1.4.1,FLEXBOX_PLUS,MRS,Marseille Provence Airport,,01:27:00 AM,d5e63297-ade9-4800-a1f7-9bc4c2bd54c6,2026-06-15T02:27:00Z,2026-06-14T17:20:16Z,0,aws: [ERROR]: An error occurred (ResourceNotFoundException) when calling the SendDataToWirelessDevice operation: Resource not found.
UNIT-0049,464C5892DC96A8FC,6AFCC322990EA6B4,562A5B5D1C93C16517BED7B649663543,2026-05-20T17:10:36Z,1.4.0,1.4.1,FLEXBOX_PLUS,MRS,Marseille Provence Airport,,10:00:00 PM,bd6a206b-38c9-4e56-b15d-93fc610faae5,2026-06-15T23:00:00Z,2026-06-12T23:22:43Z,8,
UNIT-0050,464C5883BFB28FEE,D283A87BE2BC86E1,762621E05705D269959050132AB18FC9,2026-05-20T17:11:31Z,1.4.0,1.4.1,FLEXBOX_PLUS,MRS,Marseille Provence Airport,,09:51:00 AM,6e361d7c-f0ef-410b-9378-b4662a21f0e3,2026-06-15T10:51:00Z,2026-06-14T17:20:16Z,0,aws: [ERROR]: An error occurred (ResourceNotFoundException) when calling the SendDataToWirelessDevice operation: Resource not found.
UNIT-0051,464C58CA2E2DC656,2E72BC6A107FCBE1,C8B3AF8D98000A6DC5610A7F99B0C8B7,2026-05-20T17:12:24Z,1.4.0,1.4.1,FLEXBOX_PLUS,MRS,Marseille Provence Airport,,10:14:00 AM,250c438f-d05a-4e6d-8dd1-9951c4a6c841,2026-06-15T11:14:00Z,2026-06-14T17:20:16Z,0,aws: [ERROR]: An error occurred (ResourceNotFoundException) when calling the SendDataToWirelessDevice operation: Resource not found.
UNIT-0052,464C5816C209480B,82971F7A235CD7E8,FF1CE0D767AB6005EE2C1EFBBF1893E1,2026-05-20T17:14:27Z,1.4.0,1.4.1,FLEXBOX_PLUS,MRS,Marseille Provence Airport,,12:08:00 AM,329e05ed-e9f4-426b-afaf-594163e4466c,2026-06-15T01:08:00Z,2026-06-14T17:20:16Z,0,aws: [ERROR]: An error occurred (ResourceNotFoundException) when calling the SendDataToWirelessDevice operation: Resource not found.
UNIT-0053,464C58E8A1E82BB8,92041A15D33E7E48,C44ED3B300170F40BA8B9FD52A4F83C7,2026-05-20T17:15:59Z,1.4.0,1.4.1,FLEXBOX_PLUS,MRS,Marseille Provence Airport,,05:47:00 PM,bc1918fe-99f8-40f6-819d-fba3d7249432,2026-06-15T18:47:00Z,2026-06-13T20:20:05Z,0,aws: [ERROR]: An error occurred (ResourceNotFoundException) when calling the SendDataToWirelessDevice operation: Resource not found.
UNIT-0054,464C584287E7894F,764CC2D67D8099C5,50EAA84B8B84ABF01FFD48CC74DA748A,2026-05-20T17:17:29Z,1.4.0,1.4.1,FLEXBOX_PLUS,MRS,Marseille Provence Airport,,03:21:00 AM,57b2295e-a479-400d-9e28-041aeab61d0b,2026-06-15T04:21:00Z,2026-06-14T17:20:16Z,0,aws: [ERROR]: An error occurred (ResourceNotFoundException) when calling the SendDataToWirelessDevice operation: Resource not found.
UNIT-0055,464C581360D2A714,2A67EB62BC265DF4,CA160AF46E763AA5861B5307F858A7E4,2026-05-20T17:18:59Z,1.4.0,1.4.1,FLEXBOX_PLUS,MRS,Marseille Provence Airport,,04:07:00 PM,6cc522a9-f667-4c11-b827-b47c13ed1d4a,2026-06-15T17:07:00Z,2026-06-14T17:20:16Z,0,aws: [ERROR]: An error occurred (ResourceNotFoundException) when calling the SendDataToWirelessDevice operation: Resource not found.
UNIT-0056,464C582EBE8C7D8C,6ABE6894D1C5B2A1,689DC16E83068CCEE2307381869399B8,2026-05-20T17:22:38Z,1.4.0,1.4.1,FLEXBOX_PLUS,MRS,Marseille Provence Airport,,11:25:00 PM,104c2fa0-2e8a-46b3-8863-9e79cc14d194,2026-06-15T00:25:00Z,2026-06-14T17:20:16Z,0,aws: [ERROR]: An error occurred (ResourceNotFoundException) when calling the SendDataToWirelessDevice operation: Resource not found.
UNIT-0057,464C58A0AFBBBD31,3A7931803211972A,DAC7A354250BA9406BFB3A00735EA92B,2026-05-20T17:24:25Z,1.4.0,1.4.1,FLEXBOX_PLUS,MRS,Marseille Provence Airport,,08:13:00 PM,d6daca45-2944-4881-8f38-5b897e297db5,2026-06-15T21:13:00Z,2026-06-12T21:21:16Z,0,aws: [ERROR]: An error occurred (ResourceNotFoundException) when calling the SendDataToWirelessDevice operation: Resource not found.
UNIT-0058,464C5842933081BA,F2B96A3B22BAD415,1D45EEC8A95655D9AACC248CA5EDD6E9,2026-05-20T17:27:37Z,1.4.0,1.4.1,FLEXBOX_PLUS,MRS,Marseille Provence Airport,,03:45:00 AM,bd5bf8ec-e483-4092-97c8-493b176843e3,2026-06-15T04:45:00Z,2026-06-14T17:20:16Z,0,aws: [ERROR]: An error occurred (ResourceNotFoundException) when calling the SendDataToWirelessDevice operation: Resource not found.
UNIT-0059,464C5812EFDAD046,9AEC4C3F4C8DFBCF,C7DC98836DA23A024946AF7C62EFDB60,2026-05-20T17:28:30Z,1.4.0,1.4.1,FLEXBOX_PLUS,MRS,Marseille Provence Airport,,02:08:00 PM,c86f8133-1b66-4227-8d1f-a877dec09bdc,2026-06-15T15:08:00Z,2026-06-14T17:20:16Z,0,aws: [ERROR]: An error occurred (ResourceNotFoundException) when calling the SendDataToWirelessDevice operation: Resource not found.
UNIT-0060,464C582C16AA39BC,620EE46D366DBE2B,BCA1039F09EAC7C7D13A6DB85134E79F,2026-05-20T17:29:30Z,1.4.0,1.4.1,FLEXBOX_PLUS,MRS,Marseille Provence Airport,,11:05:00 AM,e03fe7f2-5930-450b-984b-bc2084458060,2026-06-15T12:05:00Z,2026-06-14T17:20:16Z,0,aws: [ERROR]: An error occurred (ResourceNotFoundException) when calling the SendDataToWirelessDevice operation: Resource not found.
UNIT-0061,464C58A983367B8E,6AF67F5A41454D9E,7FFFFC0496D4A0C69E7B7A09250F9BA6,2026-05-20T17:32:47Z,1.4.0,1.4.1,FLEXBOX_PLUS,MRS,Marseille Provence Airport,,07:55:00 AM,33bae03b-0ead-4685-8cad-1508cc6f58b1,2026-06-15T08:55:00Z,2026-06-14T17:20:16Z,0,aws: [ERROR]: An error occurred (ResourceNotFoundException) when calling the SendDataToWirelessDevice operation: Resource not found.
UNIT-0062,464C587AFC91D2C9,D60627053E3A83D4,ED808BC60DB45F67EFE32870E7DDC9E5,2026-05-20T17:34:01Z,1.4.0,1.4.1,FLEXBOX_PLUS,MRS,Marseille Provence Airport,,09:06:00 PM,b5046151-e159-4e1a-982a-22006bee2dd2,2026-06-15T22:06:00Z,2026-06-12T22:22:20Z,0,aws: [ERROR]: An error occurred (ResourceNotFoundException) when calling the SendDataToWirelessDevice operation: Resource not found.
UNIT-0063,464C58D13C9C21F7,E682263FE481DA2A,99D12E64A6BFC209B2551EAA73059304,2026-05-20T17:35:05Z,1.4.0,1.4.1,FLEXBOX_PLUS,MRS,Marseille Provence Airport,,10:25:00 PM,5b64b85c-677b-42c7-80e4-c4dad5f988ae,2026-06-15T23:25:00Z,2026-06-12T23:53:09Z,8,
UNIT-0064,464C587015448761,E6A041611E03E4D9,1121D2514BA225398AFE9611A68EE7F5,2026-05-20T17:36:06Z,1.4.0,1.4.1,FLEXBOX_PLUS,MRS,Marseille Provence Airport,,08:07:00 AM,174d4da8-4f8f-4ae9-8e8d-01d2d16f40f7,2026-06-15T09:07:00Z,2026-06-14T17:20:16Z,0,aws: [ERROR]: An error occurred (ResourceNotFoundException) when calling the SendDataToWirelessDevice operation: Resource not found.
UNIT-0065,464C58639EE47100,9EC38A0BD2CF6706,795A8AEF1AF02235AB4E8448F97AB360,2026-05-20T17:37:11Z,1.4.0,1.4.1,FLEXBOX_PLUS,MRS,Marseille Provence Airport,,01:53:00 AM,f4600ea0-4865-4722-a33f-b48f58f97eed,2026-06-15T02:53:00Z,2026-06-14T17:20:16Z,0,aws: [ERROR]: An error occurred (ResourceNotFoundException) when calling the SendDataToWirelessDevice operation: Resource not found.
UNIT-0066,464C58E032467728,BE15CB3D42BFFACA,EE596DF3101270290759E71CC63E2A3E,2026-05-20T17:38:09Z,1.4.0,1.4.1,FLEXBOX_PLUS,MRS,Marseille Provence Airport,,04:39:00 AM,aaef2ce6-9ebd-42f1-9683-a652665ed250,2026-06-15T05:39:00Z,2026-06-14T17:20:16Z,0,aws: [ERROR]: An error occurred (ResourceNotFoundException) when calling the SendDataToWirelessDevice operation: Resource not found.
UNIT-0067,464C5873C5FD91FF,E6D693CEF361CE0C,D31C972B963D7363127573A824981B02,2026-05-20T17:39:05Z,1.4.0,1.4.1,FLEXBOX_PLUS,MRS,Marseille Provence Airport,,10:25:00 AM,107e39dc-1f67-4bfa-8bb8-93020745ea15,2026-06-15T11:25:00Z,2026-06-14T17:20:16Z,0,aws: [ERROR]: An error occurred (ResourceNotFoundException) when calling the SendDataToWirelessDevice operation: Resource not found.
UNIT-0068,464C58FA4A8304F4,829C6E327B6998A0,06948D03330CE201F5D27B62A0DFA7CE,2026-05-20T17:40:09Z,1.4.0,1.4.1,FLEXBOX_PLUS,MRS,Marseille Provence Airport,,09:08:00 AM,2d7ff286-0551-4775-99c1-d9e81dabe4bf,2026-06-15T10:08:00Z,2026-06-14T17:20:16Z,0,aws: [ERROR]: An error occurred (ResourceNotFoundException) when calling the SendDataToWirelessDevice operation: Resource not found.
UNIT-0069,464C589C45B847E9,4E0C6878387E602D,B82DD603950E17FCD719F97AA1EE838E,2026-05-20T17:47:56Z,1.4.0,1.4.1,FLEXBOX_PLUS,MRS,Marseille Provence Airport,,11:19:00 AM,20aa6413-8b01-4389-83ef-d5714c306365,2026-06-15T12:19:00Z,2026-06-14T17:20:16Z,0,aws: [ERROR]: An error occurred (ResourceNotFoundException) when calling the SendDataToWirelessDevice operation: Resource not found.
UNIT-0070,464C58A41A48F68C,72612A65101A7C59,43AAFC70071D8D34CD836AA3A07AF53D,2026-05-20T17:51:26Z,1.4.0,1.4.1,FLEXBOX_PLUS,MRS,Marseille Provence Airport,,01:26:00 AM,c64b4f72-d3c6-40b6-b763-83720b95f49a,2026-06-15T02:26:00Z,2026-06-14T17:20:16Z,0,aws: [ERROR]: An error occurred (ResourceNotFoundException) when calling the SendDataToWirelessDevice operation: Resource not found.
UNIT-0071,464C58826924740A,9A2B5A3DC1331074,01CAD31BB3D15C703A64649BA1E15A04,2026-05-20T17:52:28Z,1.4.0,1.4.1,FLEXBOX_PLUS,MRS,Marseille Provence Airport,,08:36:00 PM,f89d7a95-f691-483a-abed-7954800bae84,2026-06-15T21:36:00Z,2026-06-12T21:51:37Z,0,aws: [ERROR]: An error occurred (ResourceNotFoundException) when calling the SendDataToWirelessDevice operation: Resource not found.
UNIT-0072,464C58D144175F47,8A4B614ADFDD76D1,8EE21066C3C1B569F0D74FE45E260BEC,2026-05-20T17:53:26Z,1.4.0,1.4.1,FLEXBOX_PLUS,MRS,Marseille Provence Airport,,04:31:00 PM,6ddfef62-72f1-4d91-92a6-05062e030998,2026-06-15T17:31:00Z,2026-06-13T20:20:05Z,0,aws: [ERROR]: An error occurred (ResourceNotFoundException) when calling the SendDataToWirelessDevice operation: Resource not found.
UNIT-0073,464C58896AFE4E8F,8A447FB973EC5BA2,77C91F8D7213128C7C899AEEC99AEE6D,2026-05-20T17:54:38Z,1.4.0,1.4.1,FLEXBOX_PLUS,MRS,Marseille Provence Airport,,11:26:00 AM,985ffc5c-4edb-4122-860a-67d5588aea3c,2026-06-15T12:26:00Z,2026-06-14T17:20:16Z,0,aws: [ERROR]: An error occurred (ResourceNotFoundException) when calling the SendDataToWirelessDevice operation: Resource not found.
UNIT-0074,464C5858CFA33333,4679AF61F9890F9C,71B2DE7F0EF7BB76F9E55F96AC5ACDA3,2026-05-20T17:55:42Z,1.4.0,1.4.1,FLEXBOX_PLUS,MRS,Marseille Provence Airport,,02:27:00 AM,c74e05c8-e74d-451a-a461-676b959e43bc,2026-06-15T03:27:00Z,2026-06-14T17:20:16Z,0,aws: [ERROR]: An error occurred (ResourceNotFoundException) when calling the SendDataToWirelessDevice operation: Resource not found.
UNIT-0075,464C58C456B96D29,E6D766D1F4CF6B49,A364EB595CB2E3DA987C845119C6AB84,2026-05-20T17:59:42Z,1.4.0,1.4.1,FLEXBOX_PLUS,MRS,Marseille Provence Airport,,08:45:00 AM,d22d8b84-f4ca-476c-945e-3e494b028da7,2026-06-15T09:45:00Z,2026-06-14T17:20:16Z,0,aws: [ERROR]: An error occurred (ResourceNotFoundException) when calling the SendDataToWirelessDevice operation: Resource not found.
UNIT-0076,464C5851FDA6AE62,6A6978750A7F6D79,B05CDEF70557160CDDB9B49870DF6317,2026-05-20T18:00:45Z,1.4.0,1.4.1,FLEXBOX_PLUS,MRS,Marseille Provence Airport,,01:02:00 PM,3e4890fc-243a-4bde-b978-333fff9187c4,2026-06-15T14:02:00Z,2026-06-14T17:20:16Z,0,aws: [ERROR]: An error occurred (ResourceNotFoundException) when calling the SendDataToWirelessDevice operation: Resource not found.
UNIT-0077,464C5894BB6292FB,9E5A759743B92569,F35CF22784E1C4044D1CEE46C4553717,2026-05-20T18:02:10Z,1.4.0,1.4.1,FLEXBOX_PLUS,MRS,Marseille Provence Airport,,05:22:00 PM,f3cd56bc-b884-4af4-b40c-90c68fce057f,2026-06-15T18:22:00Z,2026-06-13T20:20:05Z,0,aws: [ERROR]: An error occurred (ResourceNotFoundException) when calling the SendDataToWirelessDevice operation: Resource not found.
UNIT-0078,464C5821E9856C6A,E281F9BBA0355B87,9C2B79F08707594F8802A55A74E56B8B,2026-05-20T18:03:27Z,1.4.0,1.4.1,FLEXBOX_PLUS,MRS,Marseille Provence Airport,,10:04:00 PM,ff35a2eb-009f-4b43-85c8-f94e07b09a28,2026-06-15T23:04:00Z,2026-06-12T23:22:43Z,8,
UNIT-0079,464C58C16008680E,AA40FB9B6057435F,453E8CE943E8B448ABF47A8E2B5A63BB,2026-05-20T18:04:22Z,1.4.0,1.4.1,FLEXBOX_PLUS,MRS,Marseille Provence Airport,,01:28:00 PM,d57532c5-dccc-4173-bca6-85675b98a66a,2026-06-15T14:28:00Z,2026-06-14T17:20:16Z,0,aws: [ERROR]: An error occurred (ResourceNotFoundException) when calling the SendDataToWirelessDevice operation: Resource not found.
UNIT-0080,464C58E596D66617,3EC28854110E05B6,41F67EBD6A03996D48947B1EB7FCCAB4,2026-05-20T18:05:18Z,1.4.0,1.4.1,FLEXBOX_PLUS,MRS,Marseille Provence Airport,,03:50:00 AM,b47c382c-103f-4d71-b55f-d78c33a5c067,2026-06-15T04:50:00Z,2026-06-14T17:20:16Z,0,aws: [ERROR]: An error occurred (ResourceNotFoundException) when calling the SendDataToWirelessDevice operation: Resource not found.
UNIT-0081,464C585575A9AA5A,A240182EAE8BBF63,F4F22B216C460D07007675954C232ECF,2026-05-20T18:06:16Z,1.4.0,1.4.1,FLEXBOX_PLUS,MRS,Marseille Provence Airport,,02:50:00 AM,71629413-c339-453d-8fb4-2a97956244d6,2026-06-15T03:50:00Z,2026-06-14T17:20:16Z,0,aws: [ERROR]: An error occurred (ResourceNotFoundException) when calling the SendDataToWirelessDevice operation: Resource not found.
UNIT-0082,464C58C9FA89668B,F23085C4DC42C01B,CD2B91E523B566B959A097797741ADCF,2026-05-20T18:07:28Z,1.4.0,1.4.1,FLEXBOX_PLUS,MRS,Marseille Provence Airport,,06:46:00 PM,6c99bcd0-44d5-4fe1-9772-962e06e21224,2026-06-15T19:46:00Z,2026-06-13T20:20:05Z,0,aws: [ERROR]: An error occurred (ResourceNotFoundException) when calling the SendDataToWirelessDevice operation: Resource not found.
UNIT-0083,464C584B0717CE12,721D32E5CDD24585,995EF3179FF53E921BF716675ADE0914,2026-05-20T18:08:24Z,1.4.0,1.4.1,FLEXBOX_PLUS,MRS,Marseille Provence Airport,,08:14:00 AM,54af54b0-b775-4817-843e-263598e3eccb,2026-06-15T09:14:00Z,2026-06-14T17:20:16Z,0,aws: [ERROR]: An error occurred (ResourceNotFoundException) when calling the SendDataToWirelessDevice operation: Resource not found.
UNIT-0084,464C583410E358C6,CED048D914178511,66D5920091F0DB339F7BF61DC31B9490,2026-05-20T18:09:39Z,1.4.0,1.4.1,FLEXBOX_PLUS,MRS,Marseille Provence Airport,,06:16:00 AM,fd4313e3-2cd3-4beb-b64f-66444c9cb6a8,2026-06-15T07:16:00Z,2026-06-14T17:20:16Z,0,aws: [ERROR]: An error occurred (ResourceNotFoundException) when calling the SendDataToWirelessDevice operation: Resource not found.
UNIT-0085,464C5845263E68AB,1E12E873EC667A83,2A0B76BBBA299FAD78F0A3A849DAF338,2026-05-20T18:10:43Z,1.4.0,1.4.1,FLEXBOX_PLUS,MRS,Marseille Provence Airport,,11:20:00 AM,28d0bf45-dd47-4831-bec9-73ded625b8a3,2026-06-15T12:20:00Z,2026-06-14T17:20:16Z,0,aws: [ERROR]: An error occurred (ResourceNotFoundException) when calling the SendDataToWirelessDevice operation: Resource not found.
UNIT-0086,464C5819DD8F7BDE,B6E9186361B81459,FF50AC6D7D1FD95965E4EEB9A8D548A6,2026-05-20T18:16:19Z,1.4.0,1.4.1,FLEXBOX_PLUS,MRS,Marseille Provence Airport,,01:15:00 PM,f47fa325-b8b3-4825-aaea-92a19a7f2c28,2026-06-15T14:15:00Z,2026-06-14T17:20:16Z,0,aws: [ERROR]: An error occurred (ResourceNotFoundException) when calling the SendDataToWirelessDevice operation: Resource not found.
UNIT-0087,464C58E7867FC084,9214B3238FC43BAF,704713BF9F83DE3279B463D7F4E0F627,2026-05-20T18:25:43Z,1.4.0,1.4.1,FLEXBOX_PLUS,MRS,Marseille Provence Airport,,02:24:00 PM,225f6533-4c38-43d9-8aac-d7e08f66807c,2026-06-15T15:24:00Z,2026-06-14T17:20:16Z,0,aws: [ERROR]: An error occurred (ResourceNotFoundException) when calling the SendDataToWirelessDevice operation: Resource not found.
UNIT-0088,464C5801800B2E37,521D92E75EEAB3FA,69E24A1FBE25BF34988BE5DC904858AD,2026-05-20T18:26:41Z,1.4.0,1.4.1,FLEXBOX_PLUS,MRS,Marseille Provence Airport,,07:26:00 PM,c254086c-3a5c-48b6-8de2-0ed3d88e5dbb,2026-06-15T20:26:00Z,2026-06-12T20:45:56Z,0,aws: [ERROR]: An error occurred (ResourceNotFoundException) when calling the SendDataToWirelessDevice operation: Resource not found.
UNIT-0089,464C5803D86F32E3,56E0A5A874F76F63,0283CF74DC32B9A36791B88B4CEE19F6,2026-05-20T18:27:49Z,1.4.0,1.4.1,FLEXBOX_PLUS,MRS,Marseille Provence Airport,,09:22:00 AM,dc08e20c-e717-420d-8256-8d1e88876a92,2026-06-15T10:22:00Z,2026-06-14T17:20:16Z,0,aws: [ERROR]: An error occurred (ResourceNotFoundException) when calling the SendDataToWirelessDevice operation: Resource not found.
UNIT-0090,464C58FED26DF7AD,FAFC147A9023DC2C,9C91A634898FED9248D23386F1F712FF,2026-05-20T18:28:55Z,1.4.0,1.4.1,FLEXBOX_PLUS,MRS,Marseille Provence Airport,,10:15:00 PM,b972c76e-90c3-4884-9723-c54b319742e5,2026-06-15T23:15:00Z,2026-06-12T23:22:43Z,8,
UNIT-0091,464C589EB877441B,6E8C8B56F84AA570,6275EEF9E4A7D8291158749B1F313B71,2026-05-20T18:31:51Z,1.4.0,1.4.1,FLEXBOX_PLUS,MRS,Marseille Provence Airport,,08:20:00 PM,897eb5fc-b45a-48db-a131-cf9d61814338,2026-06-15T21:20:00Z,2026-06-12T21:21:16Z,0,aws: [ERROR]: An error occurred (ResourceNotFoundException) when calling the SendDataToWirelessDevice operation: Resource not found.
UNIT-0092,464C582155254738,4E3D379A5AD74A9F,A91C60880CF24CEF492463E77F97AA12,2026-05-20T18:33:20Z,1.4.0,1.4.1,FLEXBOX_PLUS,MRS,Marseille Provence Airport,,12:07:00 AM,620a94f8-c405-49ff-bf62-54c7376489dc,2026-06-15T01:07:00Z,2026-06-14T17:20:16Z,0,aws: [ERROR]: An error occurred (ResourceNotFoundException) when calling the SendDataToWirelessDevice operation: Resource not found.
UNIT-0093,464C58C93437664F,16C9B7A923FBDEC9,777C10F0DA9E07E8E65A12D0107CD01F,2026-05-20T18:34:26Z,1.4.0,1.4.1,FLEXBOX_PLUS,MRS,Marseille Provence Airport,,02:46:00 AM,edd89e7a-a0fc-4e63-9c9d-db37fa90204b,2026-06-15T03:46:00Z,2026-06-14T17:20:16Z,0,aws: [ERROR]: An error occurred (ResourceNotFoundException) when calling the SendDataToWirelessDevice operation: Resource not found.
UNIT-0094,464C583A2F458A6C,56C7047706738450,AE601093261544FB98FC34D4979DA349,2026-05-20T18:36:57Z,1.4.0,1.4.1,FLEXBOX_PLUS,MRS,Marseille Provence Airport,,07:06:00 AM,c5ac0f9f-ab39-4ee5-ae38-71f4684527ca,2026-06-15T08:06:00Z,2026-06-14T17:20:16Z,0,aws: [ERROR]: An error occurred (ResourceNotFoundException) when calling the SendDataToWirelessDevice operation: Resource not found.
UNIT-0095,464C58745DBFCE73,8E497750A7ED2E73,02211EA83E8AC17F8B270303F059018E,2026-05-20T18:46:00Z,1.4.0,1.4.1,FLEXBOX_PLUS,MRS,Marseille Provence Airport,,02:06:00 PM,49b9a6b8-fa9f-4142-b5ad-f7ca33924c02,2026-06-15T15:06:00Z,2026-06-14T17:20:16Z,0,aws: [ERROR]: An error occurred (ResourceNotFoundException) when calling the SendDataToWirelessDevice operation: Resource not found.
UNIT-0096,464C58B67311ED23,C27F600B24E6A7BC,E1470EC7B9C0C5828148AB06C07A34DA,2026-05-20T18:47:10Z,1.4.0,1.4.1,FLEXBOX_PLUS,MRS,Marseille Provence Airport,,09:17:00 AM,af89df3b-bd7d-4672-9fd1-c54983d74591,2026-06-15T10:17:00Z,2026-06-14T17:20:16Z,0,aws: [ERROR]: An error occurred (ResourceNotFoundException) when calling the SendDataToWirelessDevice operation: Resource not found.
UNIT-0097,464C58AD9CBB8938,E2E7AF0DD1D8503E,AAC831BC4DA7B49945316FABF2092627,2026-05-20T18:48:41Z,1.4.0,1.4.1,FLEXBOX_PLUS,MRS,Marseille Provence Airport,,01:13:00 AM,d99288f7-68e4-4384-b489-dda375195416,2026-06-15T02:13:00Z,2026-06-14T17:20:16Z,0,aws: [ERROR]: An error occurred (ResourceNotFoundException) when calling the SendDataToWirelessDevice operation: Resource not found.
UNIT-0098,464C583A37F2711E,767587D059437832,85B4D09D5A5817BFC07540FDB41F1113,2026-05-20T18:53:59Z,1.4.0,1.4.1,FLEXBOX_PLUS,MRS,Marseille Provence Airport,,09:53:00 AM,b3af6a3b-b23c-45e3-88ac-24204271f5fd,2026-06-15T10:53:00Z,2026-06-14T17:20:16Z,0,aws: [ERROR]: An error occurred (ResourceNotFoundException) when calling the SendDataToWirelessDevice operation: Resource not found.
UNIT-0099,464C586FA12848EC,B2710EF11A290DB1,B04E492F622A3AF3DCB8847307564FF6,2026-05-20T18:55:19Z,1.4.0,1.4.1,FLEXBOX_PLUS,MRS,Marseille Provence Airport,,12:08:00 AM,a63a8b92-3ee8-443b-81f0-3730836565fc,2026-06-15T01:08:00Z,2026-06-14T17:20:16Z,0,aws: [ERROR]: An error occurred (ResourceNotFoundException) when calling the SendDataToWirelessDevice operation: Resource not found.
UNIT-0100,464C58D1F178E3EB,DE1F3692EFEDFB14,D60F37989650A2AD63CE72178C9477A7,2026-05-20T18:56:15Z,1.4.0,1.4.1,FLEXBOX_PLUS,MRS,Marseille Provence Airport,,10:27:00 PM,f5779364-9d54-47f4-8c7d-fd55825fa76a,2026-06-15T23:27:00Z,2026-06-12T23:53:09Z,8,
UNIT-0101,464C5845F77EAB81,0AF58C072877F05B,CF264EE7368BE212C9531763F05D4494,2026-06-02T15:49:12Z,1.4.0,1.4.1,FLEXBOX,BFS,Belfast International Airport,Security Stand,01:15:00 AM,78c067fa-0965-4568-b227-b79610d8d67d,2026-06-15T02:15:00Z,2026-06-15T03:59:34Z,10,
UNIT-0102,464C58FB1EAE835D,7A82A6A51DC0BFE0,B211A8F9930D6556EFAC423ACD1CE99F,2026-06-02T15:56:03Z,1.4.0,1.4.1,FLEXBOX,BFS,Belfast International Airport,Security Stand,02:59:00 PM,c2fe5c7a-97dd-4580-a746-d8a2a0464ec4,2026-06-15T15:59:00Z,2026-06-14T22:44:25Z,10,
UNIT-0103,464C58F415BF99BE,AA5A5371F7F0B1F3,1E3884F4CEFEF71F246D1455CB21B2A9,2026-06-02T16:01:17Z,1.4.0,1.4.1,FLEXBOX,BFS,Belfast International Airport,Security Stand,09:13:00 PM,1cd8c3bf-cf04-41e5-9d8a-6e161f9dbce6,2026-06-15T22:13:00Z,2026-06-14T22:44:25Z,10,
UNIT-0104,464C58A0FFEA6144,626BE8398B6D13FB,4B245DA8CEE72EAD01C8DB7A0E7A078F,2026-06-02T16:08:20Z,1.4.0,1.4.1,FLEXBOX_PLUS,BFS,Belfast International Airport,Restroom,03:45:00 AM,f99bb4d5-b77b-4937-85ef-128808a0f31b,2026-06-15T04:45:00Z,2026-06-14T22:44:25Z,10,
UNIT-0105,464C5891A3D1DF5D,7EAC256BB3463FE1,9854780E81485B7202F11100FADB183C,2026-06-02T16:27:50Z,1.4.0,1.4.1,FLEXBOX_PLUS,BFS,Belfast International Airport,Restroom,04:31:00 PM,94b88ddf-2a37-4f5b-8da6-ae84cf8ed6e4,2026-06-15T17:31:00Z,2026-06-14T22:44:25Z,10,
UNIT-0106,464C586FA64DE9EC,DA45DA9606EA4E36,D1FCEFA538B25EF5B78929A0B9F72824,2026-06-02T16:30:57Z,1.4.0,1.4.1,FLEXBOX_PLUS,BFS,Belfast International Airport,Restroom,02:49:00 AM,6f63433b-a1a2-46c4-9bc7-0fd6388839f9,2026-06-15T03:49:00Z,2026-06-15T03:59:34Z,10,
UNIT-0107,464C58C683BE8B3B,1E1942C858447894,DE57FD3B14E0BFD606906568B1D7100D,2026-06-02T16:33:24Z,1.4.0,1.4.1,FLEXBOX_PLUS,BFS,Belfast International Airport,Restroom,02:03:00 PM,fa247053-dfba-411e-a61d-8f0918c0a944,2026-06-15T15:03:00Z,2026-06-14T22:44:25Z,10,
UNIT-0108,464C5847CD575C75,92C25DCE8599078E,DD98D4CE6786EAE00C6CD586B81EAA64,2026-06-02T16:36:44Z,1.4.0,1.4.1,FLEXBOX,BFS,Belfast International Airport,Restroom,08:44:00 PM,10e8effa-be03-46c2-afce-6d358e65bdd6,2026-06-15T21:44:00Z,2026-06-14T22:44:25Z,10,
UNIT-0109,464C58B320F20C89,9E1C446A93BE855D,3A6B14A141E789EBD0B39653A1F5D7F4,2026-06-02T16:44:30Z,1.4.0,1.4.1,FLEXBOX,BFS,Belfast International Airport,Restroom,08:44:00 AM,01ad68ca-0cc8-4335-a6e1-9e65bae63a9d,2026-06-15T09:44:00Z,2026-06-14T22:44:25Z,10,
UNIT-0110,464C583E9EB5C4E4,0E6D5806ADB56F1F,ABE7A691D3D929686C7334CB6012BD85,2026-06-02T17:38:54Z,1.4.0,1.4.1,FLEXBOX,BFS,Belfast International Airport,Restroom,04:04:00 PM,b599bc12-5768-41df-8e42-b89690d19760,2026-06-15T17:04:00Z,2026-06-14T22:44:25Z,10,
UNIT-0111,464C58960E653AF9,CE24FD01C5F7A4E4,BB98D459301DA5CB1B8D7B508D16BB36,2026-06-02T17:42:49Z,1.4.0,1.4.1,FLEXBOX,BFS,Belfast International Airport,Restroom,07:22:00 AM,e3904e3f-09a8-4f32-9147-8102b5afccd5,2026-06-15T08:22:00Z,2026-06-14T22:44:25Z,10,
UNIT-0112,464C5878A867E638,42C4F87238056304,FB3F04094FC861E09B3145F9D5B36BB5,2026-06-10T17:04:49Z,1.4.0,1.4.1,FLEXBOX_PLUS,ELB,E.Leclerc Baleone,PLACE-HOLDER-PLEASE-UPDATE-ME,02:46:00 AM,29052f4f-bd97-4eb1-8f47-6b44d3aab36a,2026-06-15T03:46:00Z,2026-06-14T20:37:41Z,0,aws: [ERROR]: An error occurred (ResourceNotFoundException) when calling the SendDataToWirelessDevice operation: Resource not found.
UNIT-0113,464C58988B85BCC6,DEA6D82D313885AF,45B5114DC377B3647C3F0598C6CACA06,2026-06-10T17:17:24Z,1.4.0,1.4.1,FLEXBOX_PLUS,ELB,E.Leclerc Baleone,PLACE-HOLDER-PLEASE-UPDATE-ME,07:56:00 AM,f6168b17-36c5-4271-9944-cb8ba64a209a,2026-06-15T08:56:00Z,2026-06-14T20:37:41Z,0,aws: [ERROR]: An error occurred (ResourceNotFoundException) when calling the SendDataToWirelessDevice operation: Resource not found.
UNIT-0114,464C580966EEAD9F,A22E2A644B5F9C5A,91CFD15D24E9EC7F67E1BCA7D469C4CC,2026-06-10T17:20:12Z,1.4.0,1.4.1,FLEXBOX_PLUS,ELB,E.Leclerc Baleone,PLACE-HOLDER-PLEASE-UPDATE-ME,09:17:00 AM,4909c60d-bc7e-46b2-a96d-c046fd0cc3c1,2026-06-15T10:17:00Z,2026-06-14T20:37:41Z,0,aws: [ERROR]: An error occurred (ResourceNotFoundException) when calling the SendDataToWirelessDevice operation: Resource not found.
UNIT-0115,464C5819BE550178,4E0A3E0C142B3EF1,AD32D73EF3DFC7D1EC080F91860A7426,2026-06-10T17:21:27Z,1.4.0,1.4.1,FLEXBOX_PLUS,ELB,E.Leclerc Baleone,PLACE-HOLDER-PLEASE-UPDATE-ME,08:01:00 AM,6ffbfc84-966d-4b8a-b081-518e270b195f,2026-06-15T09:01:00Z,2026-06-14T20:37:41Z,0,aws: [ERROR]: An error occurred (ResourceNotFoundException) when calling the SendDataToWirelessDevice operation: Resource not found.
UNIT-0116,464C58C9C9484463,4E25242FDA237AB6,51F81DC3EB8ED075DD2BDE0A48B90400,2026-06-10T18:18:11Z,1.4.0,1.4.1,FLEXBOX,ENTER-CORSICA-AIRPORT-IATA,ENTER-CORSICA-AIRPORT-NAME,ENTER-CORSICA-UNIT-DECAL-TYPE,03:32:00 PM,b842908c-9638-473d-bb3c-2ccfce2c8877,2026-06-15T16:32:00Z,2026-06-14T21:17:08Z,0,aws: [ERROR]: An error occurred (ResourceNotFoundException) when calling the SendDataToWirelessDevice operation: Resource not found.
UNIT-0117,464C580D92098E44,4E0E661F10410249,B701681C1827227F0AC7D5C2008A336E,2026-06-10T18:22:06Z,1.4.0,1.4.1,FLEXBOX,ENTER-CORSICA-AIRPORT-IATA,ENTER-CORSICA-AIRPORT-NAME,ENTER-CORSICA-UNIT-DECAL-TYPE,04:30:00 AM,a041fb3e-dea8-47bd-ab21-3c6be4fbba54,2026-06-15T05:30:00Z,2026-06-14T21:17:08Z,0,aws: [ERROR]: An error occurred (ResourceNotFoundException) when calling the SendDataToWirelessDevice operation: Resource not found.
UNIT-0118,464C58B641E02178,C2225B0A75475EE7,A37143F77C65251B2943761F4317D34C,2026-06-10T18:24:29Z,1.4.0,1.4.1,FLEXBOX,ENTER-CORSICA-AIRPORT-IATA,ENTER-CORSICA-AIRPORT-NAME,ENTER-CORSICA-UNIT-DECAL-TYPE,08:33:00 AM,69a2db5c-1987-40e5-86f2-a49e0a014061,2026-06-15T09:33:00Z,2026-06-14T21:17:08Z,0,aws: [ERROR]: An error occurred (ResourceNotFoundException) when calling the SendDataToWirelessDevice operation: Resource not found.
UNIT-0119,464C58738DAC145B,1EB6B4D286B0C83D,2FD0C34112A3DB959AF6009E2E2AEED3,2026-06-10T18:25:18Z,1.4.0,1.4.1,FLEXBOX,ENTER-CORSICA-AIRPORT-IATA,ENTER-CORSICA-AIRPORT-NAME,ENTER-CORSICA-UNIT-DECAL-TYPE,04:36:00 AM,81ed26de-8fba-40b5-ad3b-3bd010955001,2026-06-15T05:36:00Z,2026-06-14T21:17:08Z,0,aws: [ERROR]: An error occurred (ResourceNotFoundException) when calling the SendDataToWirelessDevice operation: Resource not found.
UNIT-0120,464C5871F163FDCF,461E62FE1F4DEA41,DF1821E63E55BE8B614F63E6331B05FF,2026-06-10T18:27:01Z,1.4.0,1.4.1,FLEXBOX,ENTER-CORSICA-AIRPORT-IATA,ENTER-CORSICA-AIRPORT-NAME,ENTER-CORSICA-UNIT-DECAL-TYPE,11:25:00 PM,aef33a31-0a55-4b3f-a849-1765c51b9fbf,2026-06-15T00:25:00Z,2026-06-14T21:17:08Z,0,aws: [ERROR]: An error occurred (ResourceNotFoundException) when calling the SendDataToWirelessDevice operation: Resource not found.
UNIT-0121,464C58B3D7B74B6D,0AA4BAA9A6ECDB71,DDD38F9325A514B847C877C9AF2A8E72,2026-06-10T18:28:17Z,1.4.0,1.4.1,FLEXBOX,ENTER-CORSICA-AIRPORT-IATA,ENTER-CORSICA-AIRPORT-NAME,ENTER-CORSICA-UNIT-DECAL-TYPE,10:19:00 AM,3bb3de81-460b-48aa-b872-03b5e22853fb,2026-06-15T11:19:00Z,2026-06-14T21:17:08Z,0,aws: [ERROR]: An error occurred (ResourceNotFoundException) when calling the SendDataToWirelessDevice operation: Resource not found.
UNIT-0122,464C588DAC625F02,B2DF3B9E00505793,53A547F4C447B3CBC956846882FB639E,2026-06-10T18:29:17Z,1.4.0,1.4.1,FLEXBOX,ENTER-CORSICA-AIRPORT-IATA,ENTER-CORSICA-AIRPORT-NAME,ENTER-CORSICA-UNIT-DECAL-TYPE,10:07:00 AM,5acdfff5-63ea-4d5a-bb85-0970e861968d,2026-06-15T11:07:00Z,2026-06-14T21:17:08Z,0,aws: [ERROR]: An error occurred (ResourceNotFoundException) when calling the SendDataToWirelessDevice operation: Resource not found.
UNIT-0123,464C589DA03A9133,526EC0FE2FA591F4,4C4FF827A4D3B5CF0D8A5390F3235DF5,2026-06-10T18:30:24Z,1.4.0,1.4.1,FLEXBOX,ENTER-CORSICA-AIRPORT-IATA,ENTER-CORSICA-AIRPORT-NAME,ENTER-CORSICA-UNIT-DECAL-TYPE,04:01:00 AM,2ef04d75-483c-43d0-9d90-910e603480af,2026-06-15T05:01:00Z,2026-06-14T21:17:08Z,0,aws: [ERROR]: An error occurred (ResourceNotFoundException) when calling the SendDataToWirelessDevice operation: Resource not found.
UNIT-0124,464C58F246C155BB,B29598E65B8467AD,4468F5189215122529747E3221434D5A,2026-06-10T18:31:24Z,1.4.0,1.4.1,FLEXBOX,ENTER-CORSICA-AIRPORT-IATA,ENTER-CORSICA-AIRPORT-NAME,ENTER-CORSICA-UNIT-DECAL-TYPE,07:17:00 AM,68aa6660-4d2e-42db-a40a-dd1b04ae549d,2026-06-15T08:17:00Z,2026-06-14T21:17:08Z,0,aws: [ERROR]: An error occurred (ResourceNotFoundException) when calling the SendDataToWirelessDevice operation: Resource not found.
UNIT-0125,464C58B08D563470,B2FDC0756DD8F043,386F746316F192D3993A81AF21DFD64E,2026-06-10T18:32:46Z,1.4.0,1.4.1,FLEXBOX,ENTER-CORSICA-AIRPORT-IATA,ENTER-CORSICA-AIRPORT-NAME,ENTER-CORSICA-UNIT-DECAL-TYPE,10:44:00 PM,5e65fc15-85e6-4e1c-86c4-76a43be770fd,2026-06-15T23:44:00Z,2026-06-12T23:53:09Z,8,
UNIT-0126,464C58053EA97AF6,9E00FD5733336E85,46BAFA81BAE3DB411BFCE89837FD20A7,2026-06-10T18:34:30Z,1.4.0,1.4.1,FLEXBOX,ENTER-CORSICA-AIRPORT-IATA,ENTER-CORSICA-AIRPORT-NAME,ENTER-CORSICA-UNIT-DECAL-TYPE,07:38:00 PM,698e3b23-270b-4a6b-8708-c41e9c6d0da1,2026-06-15T20:38:00Z,2026-06-14T21:17:08Z,0,aws: [ERROR]: An error occurred (ResourceNotFoundException) when calling the SendDataToWirelessDevice operation: Resource not found.
UNIT-0127,464C580988E19CB2,DA9D0618FC4C3965,0B341919903A7F1D75CE0E1F01019C3D,2026-06-10T18:37:57Z,1.4.0,1.4.1,FLEXBOX,ENTER-CORSICA-AIRPORT-IATA,ENTER-CORSICA-AIRPORT-NAME,ENTER-CORSICA-UNIT-DECAL-TYPE,06:04:00 PM,d1bd07e4-500c-4321-a7a3-106b04b50a22,2026-06-15T19:04:00Z,2026-06-14T21:17:08Z,0,aws: [ERROR]: An error occurred (ResourceNotFoundException) when calling the SendDataToWirelessDevice operation: Resource not found.
UNIT-0128,464C58A93B63799C,EE3B50E1E48A8AB8,31FFDA18A7B47C77467DC2F01337427D,2026-06-10T18:39:14Z,1.4.0,1.4.1,FLEXBOX,ENTER-CORSICA-AIRPORT-IATA,ENTER-CORSICA-AIRPORT-NAME,ENTER-CORSICA-UNIT-DECAL-TYPE,07:37:00 PM,1c99c2d1-bc68-44bd-a021-2cb76d28933d,2026-06-15T20:37:00Z,2026-06-14T21:17:08Z,0,aws: [ERROR]: An error occurred (ResourceNotFoundException) when calling the SendDataToWirelessDevice operation: Resource not found.
UNIT-0129,464C58E47380656B,9A63BF6741AC20D8,E867952B17FB49FDA79F158299D4CE25,2026-06-10T18:40:23Z,1.4.0,1.4.1,FLEXBOX,ENTER-CORSICA-AIRPORT-IATA,ENTER-CORSICA-AIRPORT-NAME,ENTER-CORSICA-UNIT-DECAL-TYPE,02:13:00 AM,0671f32f-38e2-4e02-bfb5-0536de44d45b,2026-06-15T03:13:00Z,2026-06-14T21:17:08Z,0,aws: [ERROR]: An error occurred (ResourceNotFoundException) when calling the SendDataToWirelessDevice operation: Resource not found.
UNIT-0130,464C5812358AD84B,621FAD460C786565,67CBCF960BEEC3D681102CC9FB75045A,2026-06-10T18:41:29Z,1.4.0,1.4.1,FLEXBOX,ENTER-CORSICA-AIRPORT-IATA,ENTER-CORSICA-AIRPORT-NAME,ENTER-CORSICA-UNIT-DECAL-TYPE,11:36:00 AM,f0ba0279-9e63-44a1-bda3-adf657808dae,2026-06-15T12:36:00Z,2026-06-14T21:17:08Z,0,aws: [ERROR]: An error occurred (ResourceNotFoundException) when calling the SendDataToWirelessDevice operation: Resource not found.
UNIT-0131,464C5821A5A6DD7D,CAE8C445A18A0C8A,DA24F16B76161FFB5E78FDB95180BEFF,2026-06-10T18:42:36Z,1.4.0,1.4.1,FLEXBOX,ENTER-CORSICA-AIRPORT-IATA,ENTER-CORSICA-AIRPORT-NAME,ENTER-CORSICA-UNIT-DECAL-TYPE,09:01:00 AM,43219508-2764-4268-850c-6f6f71c6c656,2026-06-15T10:01:00Z,2026-06-14T21:17:08Z,0,aws: [ERROR]: An error occurred (ResourceNotFoundException) when calling the SendDataToWirelessDevice operation: Resource not found.
UNIT-0132,464C583DF1EA4A0E,52E57680079DC7B4,D60C691254928CD5A25289C0580B16A6,2026-06-10T18:43:35Z,1.4.0,1.4.1,FLEXBOX,ENTER-CORSICA-AIRPORT-IATA,ENTER-CORSICA-AIRPORT-NAME,ENTER-CORSICA-UNIT-DECAL-TYPE,12:58:00 PM,e2c8a7c9-1f16-4bc0-a023-047dd28a1ebb,2026-06-15T13:58:00Z,2026-06-14T21:17:08Z,0,aws: [ERROR]: An error occurred (ResourceNotFoundException) when calling the SendDataToWirelessDevice operation: Resource not found.
UNIT-0133,464C5825014FAF52,7EC2BEEBD2E4AA96,1C41FB8A6DCAEC973B40BAE4EF6B8D26,2026-06-10T18:44:42Z,1.4.0,1.4.1,FLEXBOX,ENTER-CORSICA-AIRPORT-IATA,ENTER-CORSICA-AIRPORT-NAME,ENTER-CORSICA-UNIT-DECAL-TYPE,04:47:00 PM,850d01bf-ba83-4f7c-998e-5a16703cd383,2026-06-15T17:47:00Z,2026-06-14T21:17:08Z,0,aws: [ERROR]: An error occurred (ResourceNotFoundException) when calling the SendDataToWirelessDevice operation: Resource not found.
UNIT-0134,464C58DBAB791D17,2252F092C0F015C1,65F1063C8B0A90B0209D9D9A7B9E5EC3,2026-06-10T18:45:58Z,1.4.0,1.4.1,FLEXBOX,ENTER-CORSICA-AIRPORT-IATA,ENTER-CORSICA-AIRPORT-NAME,ENTER-CORSICA-UNIT-DECAL-TYPE,02:37:00 AM,d4947ccd-e813-4941-a562-4d863dba88cc,2026-06-15T03:37:00Z,2026-06-14T21:17:08Z,0,aws: [ERROR]: An error occurred (ResourceNotFoundException) when calling the SendDataToWirelessDevice operation: Resource not found.
UNIT-0135,464C580FB012D9F4,62B41357596EA138,511B955CE7C43C16334F313F8A99F23B,2026-06-10T18:46:53Z,1.4.0,1.4.1,FLEXBOX,ENTER-CORSICA-AIRPORT-IATA,ENTER-CORSICA-AIRPORT-NAME,ENTER-CORSICA-UNIT-DECAL-TYPE,12:41:00 PM,1e620fa2-1ebf-4c6d-96c2-2fd10dfbb3d8,2026-06-15T13:41:00Z,2026-06-14T21:17:08Z,0,aws: [ERROR]: An error occurred (ResourceNotFoundException) when calling the SendDataToWirelessDevice operation: Resource not found.
UNIT-0136,464C583EE75ECE6C,B2DAB95FD8C954A6,75E02BD05F84DF8BF99BF40C17FC0A28,2026-06-10T18:47:49Z,1.4.0,1.4.1,FLEXBOX,ENTER-CORSICA-AIRPORT-IATA,ENTER-CORSICA-AIRPORT-NAME,ENTER-CORSICA-UNIT-DECAL-TYPE,08:14:00 AM,ed523c1d-9968-4c65-be8a-2d75294e2f9c,2026-06-15T09:14:00Z,2026-06-14T21:17:08Z,0,aws: [ERROR]: An error occurred (ResourceNotFoundException) when calling the SendDataToWirelessDevice operation: Resource not found.
UNIT-0137,464C5840DAF86DFE,762273D9C0C778B4,7768A9A67AE1BBB9EFDD50A796ED803A,2026-06-10T18:49:57Z,1.4.0,1.4.1,FLEXBOX,ENTER-CORSICA-AIRPORT-IATA,ENTER-CORSICA-AIRPORT-NAME,ENTER-CORSICA-UNIT-DECAL-TYPE,05:33:00 AM,d597b7f4-29af-4593-82ba-7617feed4430,2026-06-15T06:33:00Z,2026-06-14T21:17:08Z,0,aws: [ERROR]: An error occurred (ResourceNotFoundException) when calling the SendDataToWirelessDevice operation: Resource not found.
UNIT-0138,464C58C04A63E201,566838224D72E28C,291AF8F39B0641E76946C8244F6E5EB6,2026-06-10T18:52:39Z,1.4.0,1.4.1,FLEXBOX,ENTER-CORSICA-AIRPORT-IATA,ENTER-CORSICA-AIRPORT-NAME,ENTER-CORSICA-UNIT-DECAL-TYPE,08:02:00 AM,19440c11-d8bf-4d38-a25b-8b0b99273ee4,2026-06-15T09:02:00Z,2026-06-14T21:17:08Z,0,aws: [ERROR]: An error occurred (ResourceNotFoundException) when calling the SendDataToWirelessDevice operation: Resource not found.
UNIT-0139,464C5884A5D4226B,46EBCB50AF71D422,7DFE6210E955F1D1EAD46D9019E12B61,2026-06-10T18:53:36Z,1.4.0,1.4.1,FLEXBOX,ENTER-CORSICA-AIRPORT-IATA,ENTER-CORSICA-AIRPORT-NAME,ENTER-CORSICA-UNIT-DECAL-TYPE,01:06:00 AM,d25fc27b-07fc-4a72-a033-91b6fe8299d1,2026-06-15T02:06:00Z,2026-06-14T21:17:08Z,0,aws: [ERROR]: An error occurred (ResourceNotFoundException) when calling the SendDataToWirelessDevice operation: Resource not found.
UNIT-0140,464C58CDF33FB67D,662F5E8A5E13E5F9,54D79196FB95ACBE614E5DFBFE1775AB,2026-06-10T21:14:46Z,1.4.0,1.4.1,FLEXBOX_PLUS,OBB,Austrian Federal Railways,Restroom,08:22:00 AM,cfbbfd41-b754-46ac-8025-2bb85c3da6c6,2026-06-15T09:22:00Z,2026-06-14T20:37:41Z,0,aws: [ERROR]: An error occurred (ResourceNotFoundException) when calling the SendDataToWirelessDevice operation: Resource not found.
UNIT-0141,464C586A6CEEC3EC,1AE682A00273B664,7DEBD89CBD11A165EC837D7483D008FA,2026-06-10T21:18:59Z,1.4.0,1.4.1,FLEXBOX_PLUS,OBB,Austrian Federal Railways,Restroom,02:11:00 AM,4028b220-c6f7-44ef-90bb-a9f104b77a4d,2026-06-15T03:11:00Z,2026-06-14T20:37:41Z,0,aws: [ERROR]: An error occurred (ResourceNotFoundException) when calling the SendDataToWirelessDevice operation: Resource not found.
UNIT-0312,464C58545E7060BD,8E307AA35D742993,67FE91D8915A5D248084FE038C6A7411,2026-05-20T20:21:07Z,1.4.0,1.4.1,FLEXBOX_PLUS,SFO,San Francisco International Airport,Restroom,04:00:00 PM,,,,,
UNIT-0313,464C58BD80914644,EEA94A9D1F3BB717,22FEEAAD99AEF79D64C78DD2B46D235E,2026-05-20T20:25:28Z,1.4.0,1.4.1,FLEXBOX_PLUS,SFO,San Francisco International Airport,Restroom,03:18:00 AM,,,,,
UNIT-0314,464C58CC8D8F65BF,6A38202ACAC75244,21A6BC1CD584CFF3E562DD352EA61E76,2026-05-20T20:35:29Z,1.4.0,1.4.1,FLEXBOX_PLUS,SFO,San Francisco International Airport,Restroom,12:37:00 AM,,,,,
UNIT-0315,464C588EFCAC536F,FA1361A31AE3E098,5AF5639CFFF5D21D857927C133606518,2026-05-20T20:38:17Z,1.4.0,1.4.1,FLEXBOX_PLUS,SFO,San Francisco International Airport,Restroom,06:59:00 PM,,,,,
UNIT-0316,464C585DF721E3FA,DA8B7CFE0C341D94,13CDD7C82AC6A3F1845ACE7DA1A3EB9F,2026-05-20T20:40:40Z,1.4.0,1.4.1,FLEXBOX_PLUS,SFO,San Francisco International Airport,Restroom,02:27:00 PM,,,,,
UNIT-0317,464C588F4C99F859,FEB314D0A91B4624,48094A5CF698B481FFA472A64E9DCF81,2026-05-20T20:43:00Z,1.4.0,1.4.1,FLEXBOX_PLUS,SFO,San Francisco International Airport,Restroom,11:52:00 PM,,,,,
UNIT-0318,464C58890A3F83B7,0ED3940B48C2E859,A588E2FBBFF667C311298B0D0A1D6894,2026-05-20T20:44:13Z,1.4.0,1.4.1,FLEXBOX_PLUS,SFO,San Francisco International Airport,Restroom,02:59:00 PM,,,,,
UNIT-0319,464C583275E088DD,6ACD4D5EC2547F22,3755E5478153C74219E5DD8C6B3151CC,2026-05-20T20:47:10Z,1.4.0,1.4.1,FLEXBOX_PLUS,SFO,San Francisco International Airport,Restroom,09:12:00 AM,,,,,
UNIT-0320,464C582FBDE0ACD7,3AD8A48B8F0322ED,C6CBEEB93C7A5B5451C74CC6182491FD,2026-05-20T20:49:17Z,1.4.0,1.4.1,FLEXBOX_PLUS,SFO,San Francisco International Airport,Restroom,08:12:00 AM,,,,,
UNIT-0321,464C58DC7BAA8989,0A96652B601CE6B3,5E7091B8DC1310F9EB46F84AC1755355,2026-05-20T20:53:00Z,1.4.0,1.4.1,FLEXBOX_PLUS,SFO,San Francisco International Airport,Restroom,10:49:00 AM,,,,,
UNIT-0322,464C58B2539AE2DA,42D1CE9DDCF240DA,81457646AD4E00F56371AA237F720907,2026-05-20T20:54:34Z,1.4.0,1.4.1,FLEXBOX_PLUS,SFO,San Francisco International Airport,Restroom,09:54:00 PM,,,,,
UNIT-0323,464C58F821CF3861,EAF8A68335695D35,03FDC001837034C19E26E1E65AADADBC,2026-05-20T20:57:29Z,1.4.0,1.4.1,FLEXBOX_PLUS,SFO,San Francisco International Airport,Restroom,06:48:00 AM,,,,,
UNIT-0324,464C580B0C42062F,C6C848C306D6A199,AB0F029B2262CCD0F11F1B4BBFC6737D,2026-05-20T21:09:16Z,1.4.0,1.4.1,FLEXBOX,SFO,San Francisco International Airport,Nursery,08:38:00 AM,,,,,
UNIT-0325,464C587126214928,920E882DB1469948,B39750AF7861EAC1F3347C6F78FEF2ED,2026-05-20T21:34:14Z,1.4.0,1.4.1,FLEXBOX,SFO,San Francisco International Airport,Nursery,03:53:00 AM,,,,,
UNIT-0326,464C5878B11C5CFC,128BF1BB52D56A9E,54D14288FD107799421CFE59E2B01CCE,2026-05-28T18:59:29Z,1.4.0,1.4.1,FLEXBOX,SWRLD,Seaworld,Restroom,08:44:00 PM,9a629ff3-3a54-495e-ad85-b34522537648,2026-06-15T21:44:00Z,2026-06-14T22:44:25Z,10,
UNIT-0327,464C58B1A200126B,6A4AF536DDB3996C,F1A19AD4C2457C6BD4217D57B600F2CF,2026-05-28T19:22:15Z,1.4.0,1.4.1,FLEXBOX,SWRLD,Seaworld,Restroom,12:50:00 AM,c419bcfe-d6ef-415e-9b5c-a28adc0dbd49,2026-06-15T01:50:00Z,2026-06-15T03:59:34Z,10,
UNIT-0328,464C5893EAE14D6E,9EB7C470010F5EC1,4E4A442BB0741D45135665797895545A,2026-05-28T19:24:10Z,1.4.0,1.4.1,FLEXBOX,SWRLD,Seaworld,Restroom,02:37:00 PM,0be5609e-a7b8-4eab-a896-aa39ab9aa41d,2026-06-15T15:37:00Z,2026-06-14T22:44:25Z,10,
UNIT-0329,464C5823A08C83CE,86900C8F10B6E635,3D52AC2BAC0CBEF71D4DA52BFEE53998,2026-05-28T19:25:32Z,1.4.0,1.4.1,FLEXBOX,SWRLD,Seaworld,Restroom,05:07:00 PM,bf074b23-e3ad-40fd-a2ae-1d5d0f426634,2026-06-15T18:07:00Z,2026-06-14T22:44:25Z,10,
UNIT-0330,464C58D7BB3F79CE,72421E9BD43A25A0,D47E417473F3EC92152564DD661CABA2,2026-05-28T19:26:34Z,1.4.0,1.4.1,FLEXBOX,SWRLD,Seaworld,Restroom,04:57:00 PM,4c278054-6d22-4b2d-b5bd-3b5d19e4e4e1,2026-06-15T17:57:00Z,2026-06-14T22:44:25Z,10,
UNIT-0331,464C58A8AE1FA07F,C221E7CB7203D51A,37D60A36B69FB8CB1763B08E6A379F1E,2026-05-28T19:33:06Z,1.4.0,1.4.1,FLEXBOX,SWRLD,Seaworld,Restroom,04:32:00 PM,8edfa356-0d74-434e-9c5c-335e64a4a601,2026-06-15T17:32:00Z,2026-06-14T22:44:25Z,10,
UNIT-0332,464C58AE17B4DFF3,FAA3CBEAB2E7FF61,7F1781765E4F89E2BDFF865BC17A5584,2026-05-28T19:34:05Z,1.4.0,1.4.1,FLEXBOX,SWRLD,Seaworld,Restroom,08:31:00 AM,a9c424d6-5d3f-46b7-94e4-17fb002f2343,2026-06-15T09:31:00Z,2026-06-14T22:44:25Z,10,
UNIT-0333,464C586FB475B620,7E66C03291CDF626,784DA5536DAF973AD8FAB414503330E0,2026-05-28T19:35:02Z,1.4.0,1.4.1,FLEXBOX,SWRLD,Seaworld,Restroom,07:34:00 PM,99ba5178-30c8-4db1-b240-cd27214f9476,2026-06-15T20:34:00Z,2026-06-14T22:44:25Z,10,
UNIT-0334,464C58A9D06A5A08,66045BCF9E9AB35A,487C0D72FC9D156508BDCC14AA61668E,2026-05-28T19:35:53Z,1.4.0,1.4.1,FLEXBOX,SWRLD,Seaworld,Restroom,11:38:00 AM,d15fd0a8-b388-4144-b69e-238160bd01e0,2026-06-15T12:38:00Z,2026-06-14T22:44:25Z,10,
UNIT-0335,464C58B163BE3F94,B61897ECF88A7D40,08F0480B3CD6577E682F2B8FF8B2E2D3,2026-05-28T19:36:52Z,1.4.0,1.4.1,FLEXBOX,SWRLD,Seaworld,Restroom,08:31:00 AM,7a1813f9-f698-4863-931c-2fe010242fca,2026-06-15T09:31:00Z,2026-06-14T22:44:25Z,10,
UNIT-0336,464C585CBB5818EA,8269C01952AE8FBF,89F125065B39EB187E907A7B7A0D0E80,2026-05-28T19:38:23Z,1.4.0,1.4.1,FLEXBOX,SWRLD,Seaworld,Restroom,02:48:00 PM,7eff028b-db87-48a4-95c6-962403952a4e,2026-06-15T15:48:00Z,2026-06-14T22:44:25Z,10,
UNIT-0337,464C585FC0860A19,1A973D9238A0288B,F47607F3A8B84A96BC56B843E56EB2E1,2026-05-28T19:39:16Z,1.4.0,1.4.1,FLEXBOX,SWRLD,Seaworld,Restroom,10:50:00 AM,78429c3d-e23c-42b3-8e8c-3c7c842bbf57,2026-06-15T11:50:00Z,2026-06-14T22:44:25Z,10,
UNIT-0338,464C58118D395305,D283724662F1EADD,9FA3FBE53C23DC68FB35312079BB41C9,2026-05-28T19:40:14Z,1.4.0,1.4.1,FLEXBOX,SWRLD,Seaworld,Restroom,10:43:00 PM,f2de1fa0-726e-40e6-be3d-0bf0c09dcc9e,2026-06-15T23:43:00Z,2026-06-12T23:53:09Z,8,
UNIT-0339,464C58B7AAB60859,4A7B176A0266822B,7AC68779F504167FAE092A11F3834494,2026-05-28T19:44:24Z,1.4.0,1.4.1,FLEXBOX,SWRLD,Seaworld,Restroom,07:52:00 PM,c642b2ac-eb37-4b05-9a0d-83874e611edf,2026-06-15T20:52:00Z,2026-06-14T22:44:25Z,10,
UNIT-0340,464C58E16112FEA2,3E2D1DF6CEF59893,878D7260CCF6B0F680A6B9960295DC22,2026-05-28T19:45:18Z,1.4.0,1.4.1,FLEXBOX,SWRLD,Seaworld,Restroom,11:26:00 PM,bbba68a8-dcf3-4979-991c-89d22b778c64,2026-06-15T00:26:00Z,2026-06-15T03:59:34Z,10,
UNIT-0341,464C58344B2BB24D,CE73714EA437CDEC,A081B491E11D0456704126E1191D35AB,2026-05-28T19:47:16Z,1.4.0,1.4.1,FLEXBOX,SWRLD,Seaworld,Restroom,07:30:00 PM,c76e0df7-6fcf-4d74-8b3e-8a6ef22074b1,2026-06-15T20:30:00Z,2026-06-14T22:44:25Z,10,
UNIT-0342,464C58BD5F60B36F,66C50E3BAACDDB0F,5495E918C3B135485DE8E0B5B4D8F374,2026-05-28T19:48:12Z,1.4.0,1.4.1,FLEXBOX,SWRLD,Seaworld,Restroom,08:35:00 PM,5ca67988-636f-471e-a965-683c80b33c9e,2026-06-15T21:35:00Z,2026-06-14T22:44:25Z,10,
UNIT-0343,464C5892A9A22E7C,A62AC4FF3C684891,C4E5362B38A5DDB063D76372A2E2081C,2026-05-28T19:57:35Z,1.4.0,1.4.1,FLEXBOX,SWRLD,Seaworld,Restroom,01:50:00 AM,d04fc17a-c185-4582-80fc-107c73eff0b7,2026-06-15T02:50:00Z,2026-06-15T03:59:34Z,10,
UNIT-0344,464C58389B425342,0EFFFFC07727BB81,6C303B2818868F908E2F7E3CE8179DE7,2026-05-28T19:59:22Z,1.4.0,1.4.1,FLEXBOX,SWRLD,Seaworld,Restroom,06:59:00 PM,cd7e80fc-fbd8-4bd0-9fbe-2dfb4d44b94c,2026-06-15T19:59:00Z,2026-06-14T22:44:25Z,10,
UNIT-0345,464C58A5CAED86DA,DA29AF9221A13E21,A7B446BA513C74784A40D1871B924587,2026-05-28T20:03:52Z,1.4.0,1.4.1,FLEXBOX,SWRLD,Seaworld,Restroom,08:22:00 PM,72de09a7-6109-41b2-a042-09a71e060a94,2026-06-15T21:22:00Z,2026-06-14T22:44:25Z,10,
UNIT-0346,464C5819698A302C,A2DF53186F2F0725,F651140F0BE5048F34FC81E986DB1E92,2026-05-28T20:04:45Z,1.4.0,1.4.1,FLEXBOX,SWRLD,Seaworld,Restroom,08:32:00 PM,2bc7e700-791d-4b4d-b5ce-898ce88c69c2,2026-06-15T21:32:00Z,2026-06-14T22:44:25Z,10,
UNIT-0347,464C58977BB25F63,36806996DC7583BD,48A8460BA03FF54C282EB52EAB0C8C1D,2026-05-28T20:05:35Z,1.4.0,1.4.1,FLEXBOX,SWRLD,Seaworld,Restroom,03:59:00 PM,66daada4-d4d4-48bf-bb5e-259d291e8a5e,2026-06-15T16:59:00Z,2026-06-14T22:44:25Z,10,
UNIT-0348,464C584C56DD57AB,8660CC1AF0EDC77C,7B090C4884E3CD56605FE4EA0AB40D97,2026-05-28T20:08:50Z,1.4.0,1.4.1,FLEXBOX,SWRLD,Seaworld,Restroom,11:03:00 AM,0bff2c63-f7c5-47e4-b804-0131d8d4e608,2026-06-15T12:03:00Z,2026-06-14T22:44:25Z,10,
UNIT-0349,464C58947A4AD92F,12384FD809774963,E779663F5430F840C4F51AB6D246770A,2026-05-28T20:09:48Z,1.4.0,1.4.1,FLEXBOX,SWRLD,Seaworld,Restroom,12:09:00 PM,2401dd18-3fa4-4894-8003-77b567157634,2026-06-15T13:09:00Z,2026-06-14T22:44:25Z,10,
UNIT-0350,464C582F85E74570,EE0C476EC3992A47,34008BAE876BC4540F116E2508AE9925,2026-05-28T20:10:51Z,1.4.0,1.4.1,FLEXBOX,SWRLD,Seaworld,Restroom,11:01:00 PM,40c15a5c-f76e-4199-a93c-ccdd3652289c,2026-06-15T00:01:00Z,2026-06-15T03:59:34Z,10,
UNIT-0351,464C58ADB8C0E330,EEFB003C65B733D4,4812B5BA08EB06E52FC74B55F48680D0,2026-05-28T20:11:49Z,1.4.0,1.4.1,FLEXBOX,SWRLD,Seaworld,Restroom,04:35:00 PM,aacb5879-e8a2-4274-897d-01e65d1dca98,2026-06-15T17:35:00Z,2026-06-14T22:44:25Z,10,
UNIT-0352,464C58D3F4C505A6,320EC050FE84517F,FA1F8D1729AB346C7CD0B96E97C7651E,2026-05-28T20:12:55Z,1.4.0,1.4.1,FLEXBOX,SWRLD,Seaworld,Restroom,12:21:00 PM,4c96e485-817a-489c-abbd-021de070fec9,2026-06-15T13:21:00Z,2026-06-14T22:44:25Z,10,
UNIT-0353,464C581032FA4F08,4A778C0F14DB24CE,4E6B18801450AA97111176562B09BBF5,2026-05-28T20:14:21Z,1.4.0,1.4.1,FLEXBOX,SWRLD,Seaworld,Restroom,11:27:00 AM,fa27b428-8dca-4a03-a12a-9131f90dbe60,2026-06-15T12:27:00Z,2026-06-14T22:44:25Z,10,
UNIT-0354,464C58624A5E2282,12B176C96C99C818,83A4D40205BE7D64ABDA393C288CAC98,2026-05-28T20:16:01Z,1.4.0,1.4.1,FLEXBOX,SWRLD,Seaworld,Restroom,03:14:00 AM,7f25bd18-56a0-4af9-b802-5d99ad2bc6cb,2026-06-15T04:14:00Z,2026-06-14T22:44:25Z,10,
